{"0.19511505915540717":{"user_id":1},"0.05345494170703735":{"user_id":1}}